{
  "as_of_date": "2026-01-20",
  "policy": {
    "baseline_equity_weight": 0.8,
    "min_equity_weight": 0.7,
    "max_equity_weight": 0.85,
    "max_step_pp": 2.0,
    "allow_bond_quality_down": false,
    "optional_sleeves": {
      "gold": {
        "enabled": false,
        "band": {
          "min": 0.0,
          "max": 0.0
        }
      },
      "commodities": {
        "enabled": false,
        "band": {
          "min": 0.0,
          "max": 0.0
        }
      },
      "bitcoin": {
        "enabled": false,
        "band": {
          "min": 0.0,
          "max": 0.0
        }
      }
    }
  },
  "market_regime": {
    "stress_score": 35.33004778394523,
    "stress_bucket": "LOW_STRESS",
    "persistence": {
      "window_days": 7,
      "required_days": 5,
      "stress_bucket_persisted": "LOW_STRESS"
    },
    "ecb_context": {
      "EUR_YC_2Y": 2.108454926,
      "EUR_YC_10Y": 2.9480486243,
      "EUR_YC_30Y": 3.4786277869,
      "EUR_YC_10Y_2Y_SPREAD": 0.8395936983000003,
      "EUR_HICP_YOY": 2.1
    }
  },
  "ai_cycle": {
    "phase": "HOT",
    "cycle": "HOT",
    "leadership_ratios": {
      "RSP_over_SPY": {
        "ratio": 0.289382803506597,
        "ratio_90d_return": 0.009117749164064826,
        "z": -2.0638542898144565
      },
      "QQQ_over_SPY": {
        "ratio": 0.8973995690545764,
        "ratio_90d_return": 0.004642531565925534,
        "z": 1.204773442522335
      },
      "SOXX_over_SPY": {
        "ratio": 0.49787478969273,
        "ratio_90d_return": 0.27848332244302054,
        "z": 1.8283971867741236
      },
      "XLK_over_SPY": {
        "ratio": 0.20933321526609402,
        "ratio_90d_return": 0.007830823065601011,
        "z": 1.3181686017139704
      }
    },
    "ai_fundamentals_heat": 0.567550505050505,
    "ai_fundamentals_heat_used": null,
    "ai_fundamentals_coverage_ratio": 0.4,
    "ai_fundamentals_used_in_signals": false
  },
  "tilt_signals": {
    "primary": {
      "EQUITY_WEIGHT_WITHIN_BAND": {
        "direction": "TILT_TOWARD",
        "raw_direction": "TILT_TOWARD",
        "persisted_direction": "TILT_TOWARD",
        "magnitude": "SMALL",
        "score": 0.2510967495703376,
        "inputs": {
          "stress_bucket": "LOW_STRESS",
          "spy_200d_trend": 0.07327240922981137,
          "spy_momentum_3m": 0.022839826102522,
          "spy_momentum_12m": 0.15866670529402205,
          "spy_realized_vol_21d_ann": 0.10175012700001398,
          "cash_yield_3m": 3.67,
          "t10y3m": 0.6
        },
        "rules": {
          "direction_thresholds": {
            "TILT_TOWARD": "> +0.20",
            "HOLD": "[-0.20, +0.20]",
            "TILT_AWAY": "< -0.20"
          },
          "persistence": {
            "window_days": 7,
            "required_days": 5
          }
        }
      },
      "BOND_DURATION_WITHIN_BAND": {
        "direction": "TILT_TOWARD",
        "raw_direction": "TILT_TOWARD",
        "persisted_direction": "TILT_TOWARD",
        "magnitude": "MEDIUM",
        "score": 0.5220682176002698,
        "inputs": {
          "dgs5": 3.82,
          "dgs10": 4.24,
          "dgs30": 4.83,
          "dgs10_change_30d": 0.1299999999999999,
          "rate_vol_63d": 0.031680885537503686,
          "t10y3m": 0.6,
          "stress_bucket": "LOW_STRESS"
        },
        "rules": {
          "intent": {
            "TILT_TOWARD": "longer duration",
            "TILT_AWAY": "shorter duration"
          },
          "direction_thresholds": {
            "TILT_TOWARD": "> +0.20",
            "HOLD": "[-0.20, +0.20]",
            "TILT_AWAY": "< -0.20"
          },
          "persistence": {
            "window_days": 7,
            "required_days": 5
          }
        }
      },
      "TIPS_SLICE_WITHIN_BAND": {
        "direction": "TILT_TOWARD",
        "raw_direction": "TILT_TOWARD",
        "persisted_direction": "TILT_TOWARD",
        "magnitude": "LARGE",
        "score": 0.700471259609959,
        "inputs": {
          "t10y_breakeven": 2.33,
          "t10y_breakeven_change_30d": 0.07000000000000028,
          "dfii10_real_yield": 1.91,
          "dfii10_real_yield_change_30d": 0.05999999999999983,
          "t5y5y_forward_infl": 2.26
        },
        "rules": {
          "intent": {
            "TILT_TOWARD": "larger TIPS slice",
            "TILT_AWAY": "smaller TIPS slice"
          },
          "direction_thresholds": {
            "TILT_TOWARD": "> +0.20",
            "HOLD": "[-0.20, +0.20]",
            "TILT_AWAY": "< -0.20"
          },
          "persistence": {
            "window_days": 7,
            "required_days": 5
          }
        }
      },
      "US_WEIGHT_WITHIN_EQUITY_BAND": {
        "direction": "TILT_AWAY",
        "raw_direction": "TILT_AWAY",
        "persisted_direction": "TILT_AWAY",
        "magnitude": "MEDIUM",
        "score": -0.43490812127765366,
        "inputs": {
          "stress_bucket": "LOW_STRESS",
          "concentration_composite": 1.7286479065116858,
          "usd_strength_z": 0.6849742976648815,
          "ai_fundamentals_heat": 0.567550505050505,
          "ai_fundamentals_heat_used": null,
          "ai_fundamentals_coverage_ratio": 0.4,
          "ai_fundamentals_used_in_signals": false
        },
        "rules": {
          "intent": {
            "TILT_TOWARD": "more US equity",
            "TILT_AWAY": "less US equity (toward ex-US)"
          },
          "direction_thresholds": {
            "TILT_TOWARD": "> +0.20",
            "HOLD": "[-0.20, +0.20]",
            "TILT_AWAY": "< -0.20"
          },
          "persistence": {
            "window_days": 7,
            "required_days": 5
          }
        }
      }
    },
    "optional_sleeves": {
      "GOLD_SLEEVE_ELIGIBILITY": null,
      "COMMODITIES_SLEEVE_ELIGIBILITY": null,
      "BITCOIN_SLEEVE_ELIGIBILITY": null
    }
  },
  "diagnostics": {
    "notes": [
      "SEC heat coverage too low: 2/5"
    ],
    "stress_score_recent": [
      {
        "date": "2026-01-09",
        "stress_score": 34.711107710731085
      },
      {
        "date": "2026-01-12",
        "stress_score": 34.88929011500303
      },
      {
        "date": "2026-01-13",
        "stress_score": 35.24606884178896
      },
      {
        "date": "2026-01-14",
        "stress_score": 35.3109936108359
      },
      {
        "date": "2026-01-15",
        "stress_score": 34.70646746470629
      },
      {
        "date": "2026-01-16",
        "stress_score": 34.44302704480853
      },
      {
        "date": "2026-01-20",
        "stress_score": 35.33004778394523
      }
    ]
  },
  "data_coverage": {
    "tiingo_tickers_loaded": [
      "BIL",
      "DBC",
      "GLD",
      "IEF",
      "IEFA",
      "IEMG",
      "QQQ",
      "RSP",
      "SCHP",
      "SHV",
      "SOXX",
      "SPY",
      "TIP",
      "TLT",
      "VGIT",
      "VGLT",
      "VGSH",
      "VTI",
      "VXUS",
      "XLK"
    ],
    "fred_series_present": [
      "BAMLC0A0CM",
      "BAMLH0A0HYM2",
      "DFII10",
      "DGS10",
      "DGS2",
      "DGS30",
      "DGS3MO",
      "DGS5",
      "DTWEXBGS",
      "NFCI",
      "STLFSI4",
      "T10Y3M",
      "T10YIE",
      "T5YIFR",
      "VIXCLS"
    ],
    "ecb_series_present": [
      "EUR_HICP_YOY",
      "EUR_YC_10Y",
      "EUR_YC_2Y",
      "EUR_YC_30Y",
      "GBP_PER_EUR_DAILY",
      "JPY_PER_EUR_DAILY",
      "USD_PER_EUR_DAILY"
    ],
    "last_price_date": "2026-01-20"
  },
  "sec_fundamentals": {
    "as_of": "2026-01-20",
    "basket_summary": {
      "ai_fundamentals_heat": 0.567550505050505,
      "companies_with_heat": 2,
      "companies_total": 5,
      "coverage_ratio": 0.4,
      "heat_used_in_signals": false
    },
    "companies": [
      {
        "name": "Microsoft",
        "cik": "0000789019",
        "capex_to_revenue_latest": 0.12326204875615687,
        "capex_to_revenue_asof": "2010-06-30",
        "capex_yoy_latest": 0.4513343975537918,
        "capex_to_revenue_percentile": null,